{"r2": 0.8970012355009723, "rmse": 28107.545653165573, "mae": 17288.479981584733}