{"r2": 0.8839232527421156, "rmse": 29838.674845528698, "mae": 19160.879939621736}